variant	function	runtime	memoryMb	startEpoch	endEpoch	invokeOk	invokeError
minimal	request-dispatcher-benchmark-MinimalFunction-NsWEmmtWDyR1	java21	512	1791031233	1791032070	100	0
minimal	request-dispatcher-benchmark-MinimalFunction-NsWEmmtWDyR1	java21	1024	1791032070	1791032923	100	0
plain	request-dispatcher-benchmark-PlainFunction-b7mukyB9xX82	java21	512	1791031233	1791032477	100	0
plain	request-dispatcher-benchmark-PlainFunction-b7mukyB9xX82	java21	1024	1791032477	1791033533	100	0
primed	request-dispatcher-benchmark-SamplePrimedFunction-UNR375NNQ9vZ	java21	512	1791031233	1791032313	100	0
primed	request-dispatcher-benchmark-SamplePrimedFunction-UNR375NNQ9vZ	java21	1024	1791032313	1791033352	100	0
sample	request-dispatcher-benchmark-SampleFunction-z2lZOFhtO5UA	java21	512	1791031233	1791032480	100	0
sample	request-dispatcher-benchmark-SampleFunction-z2lZOFhtO5UA	java21	1024	1791032480	1791033543	100	0
snapstart	request-dispatcher-benchmark-SnapStartFunction-9cBXIFgsgQyB	java21	512	1791031233	1791031541	100	0
snapstart	request-dispatcher-benchmark-SnapStartFunction-9cBXIFgsgQyB	java21	1024	1791031541	1791031812	100	0
