"@timestamp","@requestId","@initDuration","@duration","@billedDuration","@memorySize","@maxMemoryUsed"
"2026-10-03 12:58:43.892","2b40d149-ee53-44dc-b36f-5647c2bcf835","2198.36","416.6","2615","1024000000","176000000"
"2026-10-03 12:58:54.977","59db03ee-d579-4bed-a817-d8524e635891","2603.03","376.52","2980","1024000000","177000000"
"2026-10-03 12:59:05.437","c301098e-78b7-4451-a2d9-96387b432800","2280.38","334.48","2615","1024000000","176000000"
"2026-10-03 12:59:15.896","a345d8e1-76c4-4d2d-a52e-3527d424f69d","2599.44","340.92","2941","1024000000","176000000"
"2026-10-03 12:59:26.008","6c33948e-0fa4-41bd-9609-7869d2de03b9","2018.01","272.31","2291","1024000000","176000000"
"2026-10-03 12:59:37.314","46caf562-fb96-44ed-a1b3-68b9a0a92866","2568.17","355.54","2924","1024000000","176000000"
"2026-10-03 12:59:47.367","d109f1eb-e9aa-466f-8e74-0ef36d3860f1","2240.65","425.66","2667","1024000000","176000000"
"2026-10-03 12:59:58.133","c5916df7-81bb-4f4a-a9d1-84185c00df52","2636.91","360","2997","1024000000","176000000"
"2026-10-03 13:00:07.979","d9d87fd1-b931-42da-85f1-714c1b0e484f","2580.8","372.13","2953","1024000000","176000000"
"2026-10-03 13:00:18.646","de098bd9-35ae-4da9-9c9e-9a339fd72237","2635.57","375.63","3012","1024000000","176000000"
"2026-10-03 13:00:30.176","906fddfa-c2d0-479e-a9e7-f5096a30add3","2566.61","378.96","2946","1024000000","176000000"
"2026-10-03 13:00:40.082","31c33fc4-e07c-4254-93ac-3522501daaa3","1938.01","258.36","2197","1024000000","176000000"
"2026-10-03 13:00:51.145","a00c1f01-d8fd-4ef7-ab94-18ad026680d6","2676.81","369.74","3047","1024000000","176000000"
"2026-10-03 13:01:01.696","d031b817-42c3-457d-bdb2-4e4b29e44b0a","2580.99","374.18","2956","1024000000","176000000"
"2026-10-03 13:01:12.186","65b07cad-8e7e-4dd1-aa34-504ae49efb33","2713.72","372.54","3087","1024000000","176000000"
"2026-10-03 13:01:23.062","bcfb650b-8d4b-4421-b53e-4f0226f39ac9","2971.81","375.65","3348","1024000000","176000000"
"2026-10-03 13:01:32.933","aeee892c-ee36-40c6-b126-1b2c6656f130","2244.84","419.14","2664","1024000000","176000000"
"2026-10-03 13:01:43.461","eaaac400-7e33-4935-9443-c21f3a9fb933","2729.99","377.82","3108","1024000000","176000000"
"2026-10-03 13:01:54.173","33ffc930-22b6-4b23-a3ed-5d4db29b4061","2541.86","337.96","2880","1024000000","176000000"
"2026-10-03 13:02:04.478","69efd59e-abfd-491e-bff9-a5fc7da69653","2220.65","339.08","2560","1024000000","176000000"
"2026-10-03 13:02:14.223","ca5e58c0-5b00-4e5e-946c-f6e200152fdb","2210.77","439.28","2651","1024000000","176000000"
"2026-10-03 13:02:24.818","a1efaa52-a3c7-41d0-8c63-68b1c58ec14d","2642.33","347.61","2990","1024000000","176000000"
"2026-10-03 13:02:35.653","0d605964-027e-44a7-9d1c-fa537298d3f2","2562.2","335.15","2898","1024000000","176000000"
"2026-10-03 13:02:46.906","dd667e5c-1bb8-4cd0-aee1-ad14e3227a11","2740.93","390.2","3132","1024000000","176000000"
"2026-10-03 13:02:57.195","a126af85-9551-473b-b7bf-d378d07c5016","2219.05","442.6","2662","1024000000","176000000"
"2026-10-03 13:03:08.055","cbcdf7bb-52f2-4c85-ba11-0ae0414c0c90","2660.5","376.19","3037","1024000000","176000000"
"2026-10-03 13:03:18.898","31732425-28e6-4399-84ee-50751001e0e8","2581.9","356.66","2939","1024000000","176000000"
"2026-10-03 13:03:29.874","10ba1e6b-850d-4746-80b7-9e97bd70e95b","2634.17","370.33","3005","1024000000","176000000"
"2026-10-03 13:03:40.953","4284b731-e2f4-4e26-86e1-d3dd14b83730","2747.44","393.56","3142","1024000000","176000000"
"2026-10-03 13:03:51.312","b4d93576-3328-44ec-b6a1-15a9ccddfcf6","2292.49","428.86","2722","1024000000","176000000"
"2026-10-03 13:04:01.979","3fc43cf1-9401-4322-a1fd-a2b22a6b2656","2610.11","373.49","2984","1024000000","176000000"
"2026-10-03 13:04:13.242","61ac5df4-fbcb-4f09-acdf-a8bb36d6b4c8","2724.14","372.97","3098","1024000000","176000000"
"2026-10-03 13:04:23.985","24d0389b-3566-4882-b700-d6b57a96b60d","2575.1","350.15","2926","1024000000","176000000"
"2026-10-03 13:04:34.108","5a313a35-f98d-453b-a2f4-d582584b880c","2185.99","453.85","2640","1024000000","176000000"
"2026-10-03 13:04:44.577","11a5e405-198a-4532-b4f5-da6a2cbcc311","2164.3","431.36","2596","1024000000","176000000"
"2026-10-03 13:04:55.573","9fbd4b84-8b01-4352-ab82-b93e73b51324","2560.13","373.71","2934","1024000000","176000000"
"2026-10-03 13:05:06.722","c30c72fd-79f2-498e-9f34-dd8b44447090","2763.26","389.44","3153","1024000000","176000000"
"2026-10-03 13:05:17.402","2fa0303f-8b0a-43ba-8038-0cd4ae38a7c9","2237.95","433.11","2672","1024000000","176000000"
"2026-10-03 13:05:27.404","55b79f6a-9562-45fb-8ad9-e3757109e4fd","2261.58","358.02","2620","1024000000","176000000"
"2026-10-03 13:05:37.881","4caf765f-9c1f-4156-ad18-a8e38c5dd829","2661.37","377.72","3040","1024000000","176000000"
"2026-10-03 13:05:47.915","aa11ed6a-23a2-4f58-b889-f8834d80fd84","2603.67","355.15","2959","1024000000","176000000"
"2026-10-03 13:05:58.160","5cd26005-fca2-40bf-b87c-2ede641ff02c","2545.89","332.9","2879","1024000000","177000000"
"2026-10-03 13:06:08.891","4a256f56-c285-494c-9c83-82bbe38da153","2307.34","430.65","2738","1024000000","176000000"
"2026-10-03 13:06:19.852","6757e80c-9004-4473-aaef-f924c08f31fb","2659.89","375.09","3035","1024000000","176000000"
"2026-10-03 13:06:30.177","d34197fa-b4df-4d60-87f3-6bc612de0c90","2691.72","355.57","3048","1024000000","176000000"
"2026-10-03 13:06:40.822","8d5e688f-f7c8-4a74-8e03-15613dd6c3a1","2808.95","377.61","3187","1024000000","176000000"
"2026-10-03 13:06:51.386","0de0d76d-5ad7-437c-ba4a-8110368894f0","2538.86","348.89","2888","1024000000","176000000"
"2026-10-03 13:07:01.732","9ab3e4c3-cc34-4851-ae21-494c64df18cb","2654.07","388.34","3043","1024000000","176000000"
"2026-10-03 13:07:12.318","5dfdae02-ffdf-4c4a-8a58-0be8588bdada","2633","376.09","3010","1024000000","176000000"
"2026-10-03 13:07:22.725","33b1d2a7-ca5d-4725-b5f7-a7d7b34cf184","2598.36","355.79","2955","1024000000","176000000"
"2026-10-03 13:07:32.745","38fce983-32aa-4575-9a2a-5fe45fa794c1","2307.23","447.14","2755","1024000000","176000000"
"2026-10-03 13:07:43.252","c48aa94f-b172-434a-b463-a3565847cf29","2595.01","336.27","2932","1024000000","176000000"
"2026-10-03 13:07:53.919","99ed4f01-4939-45e5-963c-b73b35a1e9b4","2639.74","355.47","2996","1024000000","177000000"
"2026-10-03 13:08:03.663","dbafba27-6d85-40fe-bf38-569c0ee6daa5","2214.73","458.19","2673","1024000000","176000000"
"2026-10-03 13:08:14.413","d1d2900e-3539-4e69-bfac-6373e1cad4d7","2727.03","379.3","3107","1024000000","176000000"
"2026-10-03 13:08:24.938","c46da576-3bc2-478f-bc2d-98696bbc9a5d","2552.19","352.12","2905","1024000000","176000000"
"2026-10-03 13:08:34.841","5c5ea8f6-710c-4eff-b7e6-828f6ed0d363","2545.91","348.08","2894","1024000000","176000000"
"2026-10-03 13:08:45.365","8bb8886c-17d5-4ff1-9a7a-0bc780bd40cb","2677.28","380.51","3058","1024000000","176000000"
"2026-10-03 13:09:03.585","ab166936-43eb-4c56-8da8-ebb3e37e1e88","2699.95","369.31","3070","1024000000","176000000"
"2026-10-03 13:09:13.317","fba1d7ba-d57c-4406-a85b-bddf972847f6","2217.11","428.65","2646","1024000000","176000000"
"2026-10-03 13:09:23.379","a8c2586a-e4b6-472b-9d37-523bdcb1c8e4","2670.31","369.39","3040","1024000000","176000000"
"2026-10-03 13:09:33.420","737b1a05-b075-4286-89a6-361df5b522c4","2208.39","456.29","2665","1024000000","176000000"
"2026-10-03 13:09:43.203","35354969-3b46-44e9-a921-4d5c5fa51c7b","2591.66","349.41","2942","1024000000","176000000"
"2026-10-03 13:09:52.766","d6d90846-e099-40df-bb72-19d4c3f5fff1","2624.85","369.87","2995","1024000000","176000000"
"2026-10-03 13:10:02.880","d01ea66a-07a6-4f67-ac88-effc3cf468ba","2613.98","378.6","2993","1024000000","177000000"
"2026-10-03 13:10:12.387","1806e135-cf3f-43ea-80c2-91390ce2c49c","2099.06","292.57","2392","1024000000","176000000"
"2026-10-03 13:10:21.965","b3e4e5d9-bed9-468c-ae93-0c4552001cfa","2587.83","357.24","2946","1024000000","176000000"
"2026-10-03 13:10:32.134","b1faf445-5710-43ec-9166-58733b546164","2557.7","352.09","2910","1024000000","176000000"
"2026-10-03 13:10:42.465","62af62f1-a511-4376-b15a-882040f149d3","2684.93","391.26","3077","1024000000","176000000"
"2026-10-03 13:10:52.706","ea5e3c4d-c2b5-4f46-881d-83672414dd59","2689.04","356.36","3046","1024000000","176000000"
"2026-10-03 13:11:03.059","c0928c2e-1b68-4956-b4ef-62d7d254e8c7","2560.24","351.8","2913","1024000000","176000000"
"2026-10-03 13:11:13.492","45650578-77b9-4dd0-9e2c-98fcf40f3d44","2641.97","375.47","3018","1024000000","176000000"
"2026-10-03 13:11:23.154","11728c3b-a387-4853-bcd9-c57a4ac7d038","2224.45","449.46","2674","1024000000","176000000"
"2026-10-03 13:11:33.339","56cbcf0e-ec17-46fd-b752-d4dc29b5c328","2203.21","336.47","2540","1024000000","176000000"
"2026-10-03 13:11:42.842","71883287-25b3-4ebf-b1da-a66c9b4d577f","2718.59","396.87","3116","1024000000","176000000"
"2026-10-03 13:11:52.952","eda578db-28ae-4072-8863-bd3ced6d77cb","2596.59","371.77","2969","1024000000","176000000"
"2026-10-03 13:12:02.897","b809db7b-061c-4881-91c8-311087ea376e","2671.05","378.69","3050","1024000000","176000000"
"2026-10-03 13:12:13.013","cae6a622-eef5-4e2c-a44f-31f0b80ea222","2602.01","370.23","2973","1024000000","176000000"
"2026-10-03 13:12:23.629","bbf2aa15-9529-412d-afe3-e385a2bb56c8","2591.25","352.34","2944","1024000000","176000000"
"2026-10-03 13:12:33.574","82f1fe1b-7698-4bfc-b9f6-63f91d49c53e","2731.14","382.11","3114","1024000000","176000000"
"2026-10-03 13:12:50.604","735375e8-ed3c-4a52-bd6e-b2142b7a1778","2618.78","376.34","2996","1024000000","176000000"
"2026-10-03 13:13:00.600","3badbf66-0eb3-46ca-a04d-f32af96c7e85","2718.9","397.48","3117","1024000000","176000000"
"2026-10-03 13:13:09.725","7e79b4a1-4407-4a60-94dd-58ac983e9953","2003.71","275.06","2279","1024000000","176000000"
"2026-10-03 13:13:19.837","04876621-77c3-4750-b23f-bbf9e0f8cfee","2566.7","340.36","2908","1024000000","176000000"
"2026-10-03 13:13:29.845","91afdda2-06e3-47ba-8dac-86304918b5e3","2528.88","336.95","2866","1024000000","176000000"
"2026-10-03 13:13:39.685","7c766eab-6777-4126-828c-28d9bec5a0e4","2650.23","371.75","3022","1024000000","176000000"
"2026-10-03 13:13:49.727","d1ac78e6-dcd2-4440-adc7-883bc393d616","2585.66","352.01","2938","1024000000","176000000"
"2026-10-03 13:14:00.291","b4020574-6541-4f0f-8a17-7c388d662217","2606.58","354.13","2961","1024000000","176000000"
"2026-10-03 13:14:10.833","d7ed61ec-e092-43e1-a7a6-f9b4462c8386","2589.91","355.97","2946","1024000000","176000000"
"2026-10-03 13:14:21.191","485ac09d-ff0e-4dbb-b95f-806110ebfbf2","2732.65","334.61","3068","1024000000","176000000"
"2026-10-03 13:14:31.111","118c5084-03d4-4fc6-a58b-a4517de0e9f6","2604.64","350.35","2955","1024000000","176000000"
"2026-10-03 13:14:41.425","5aac7dbb-70d8-4973-90cc-6ff0847065dd","2165.33","415.38","2581","1024000000","176000000"
"2026-10-03 13:14:51.506","ce19038b-6447-43b6-8174-c1525730ac77","2549.38","350.64","2901","1024000000","176000000"
"2026-10-03 13:15:01.503","bbd34d21-5371-42bd-88e8-b26657a96d03","2275.54","365.64","2642","1024000000","176000000"
"2026-10-03 13:15:12.321","7971c19d-fb72-4ba5-81a7-cbf2a87dbe55","2647.41","374.29","3022","1024000000","176000000"
"2026-10-03 13:15:22.699","9385e1e4-26e9-44c4-b4ed-fe9a71159261","2586.88","334.32","2922","1024000000","176000000"
"2026-10-03 13:15:32.926","d32a0a41-5306-4713-9e29-1f305dc6bd5c","2259.08","348.07","2608","1024000000","176000000"
"2026-10-03 13:15:43.861","7154c83c-b369-4bca-a375-75dd959c921f","2602.68","338.7","2942","1024000000","176000000"
"2026-10-03 13:15:54.105","9f3a104b-7437-451c-ba8b-f6df6a059895","2691.71","375.08","3067","1024000000","176000000"
