"@timestamp","@requestId","restoreDuration","@duration","@billedDuration","@memorySize","@maxMemoryUsed"
"2026-10-03 12:46:52.245","8e3add09-ff53-4496-bec1-2cdcb9eeadde","773.18","613.62","853","1024000000","177000000"
"2026-10-03 12:46:52.258","d4a7bf06-a72d-4365-a732-800add3bbbf8","778.55","650.82","876","1024000000","177000000"
"2026-10-03 12:46:52.258","1866ca97-caa4-42a3-987e-1eebce737f48","688.89","726.25","967","1024000000","177000000"
"2026-10-03 12:46:52.259","2eec37db-31a1-401a-9e5b-da95c978f656","758.67","656.32","878","1024000000","177000000"
"2026-10-03 12:46:52.260","976364b2-5eca-467a-b3ee-b6b66ef94582","841.79","566.91","850","1024000000","177000000"
"2026-10-03 12:46:52.261","eaaa0735-2796-4c68-9b35-c94cb2c8edbd","729.73","658.53","878","1024000000","177000000"
"2026-10-03 12:46:52.261","fdc3afec-5c63-426f-83aa-ac657c18e44e","804.33","669.23","895","1024000000","177000000"
"2026-10-03 12:46:52.263","dbfbe104-fb58-46a3-85cf-d10ea99f4cfc","780.11","755.22","995","1024000000","177000000"
"2026-10-03 12:46:52.264","d963888a-2644-44e4-b712-0e5e9d7bb225","822.67","606.6","862","1024000000","177000000"
"2026-10-03 12:46:52.265","04e67d35-d2f8-45b1-a332-378aead28e37","636.53","878.87","1085","1024000000","177000000"
"2026-10-03 12:46:52.266","68f0474a-a1b4-44f3-9916-209a6a77312b","770.90","650.42","877","1024000000","177000000"
"2026-10-03 12:46:52.267","52620089-43b9-4a26-9c5e-664e92d55e29","698.02","714.48","940","1024000000","177000000"
"2026-10-03 12:46:52.270","14f5f1d4-0f35-4742-b14c-66ed4b5c932e","761.15","790.47","1020","1024000000","177000000"
"2026-10-03 12:46:52.270","6c243592-b9d2-40b5-b6e8-5cd4f167804b","729.17","682.06","907","1024000000","177000000"
"2026-10-03 12:46:52.270","1fdc71b9-9506-4bda-817b-15d60a6aff54","768.27","644.88","862","1024000000","177000000"
"2026-10-03 12:46:52.271","d6280b74-f639-4b6a-9d14-c7ee2af3bca8","523.29","901","1100","1024000000","177000000"
"2026-10-03 12:46:52.272","bc551221-af65-46c9-b563-b9dd5bd39aec","651.96","799.41","1020","1024000000","177000000"
"2026-10-03 12:46:52.272","b45089fb-2aab-430e-8662-b22a64ee86f6","673.23","816.81","1020","1024000000","177000000"
"2026-10-03 12:46:52.273","edd6bf6a-ef69-476b-80ee-afea3d8aaebe","740.42","658.05","877","1024000000","177000000"
"2026-10-03 12:46:52.274","ee7517bb-e65f-4928-995e-45452d05b4f7","687.92","749.95","957","1024000000","177000000"
"2026-10-03 12:46:52.276","a68ac4d3-c91c-41f2-96f6-1deea4fb85bb","826.56","618.04","844","1024000000","177000000"
"2026-10-03 12:46:52.279","b9dff5c5-c430-4453-9fc2-0e0d3de27e90","690.32","722.12","964","1024000000","177000000"
"2026-10-03 12:46:52.282","eca83593-f613-4bb6-bc88-a680b66289e1","793.71","647.97","907","1024000000","177000000"
"2026-10-03 12:46:52.284","1f38094b-dedf-4f02-9d4b-b1b8754be6a6","821.75","717.48","952","1024000000","177000000"
"2026-10-03 12:46:52.288","a9e65004-1b77-478a-810a-346b3ae5e27b","769.96","652.74","909","1024000000","177000000"
"2026-10-03 12:47:57.389","4111e44d-eb79-4101-8aaf-3fb6b613be09","750.30","815.72","1041","1024000000","177000000"
"2026-10-03 12:47:57.392","55420928-90ad-4fe7-bacc-be634ae5a70e","583.80","929.1","1141","1024000000","176000000"
"2026-10-03 12:47:57.404","8509b541-3b3a-4b37-9ad0-460f2dc91337","732.51","809.46","1049","1024000000","177000000"
"2026-10-03 12:47:57.405","8b92e230-1602-48cb-9658-008b3875ac48","755.33","793.98","1024","1024000000","177000000"
"2026-10-03 12:47:57.406","011e9c7b-6e97-4f9e-b625-d8da10f7c6de","633.88","858.53","1069","1024000000","177000000"
"2026-10-03 12:47:57.408","d31e6f4d-c1f2-47a7-bc61-25dfa8a72f3f","748.58","785.51","1022","1024000000","177000000"
"2026-10-03 12:47:57.410","7f8c2dc6-0ca3-4f1c-a810-4eb738c75f14","649.34","911.6","1125","1024000000","176000000"
"2026-10-03 12:47:57.410","d329ef01-2940-4ea9-bc3f-a81827ac213b","805.73","705.91","951","1024000000","177000000"
"2026-10-03 12:47:57.411","6d2f5a77-4d0c-487b-ae28-1c92b91f4f45","787.27","649.94","914","1024000000","177000000"
"2026-10-03 12:47:57.411","a4a2169c-4fff-40bc-ac0c-5f7722e28314","799.17","803.52","1044","1024000000","177000000"
"2026-10-03 12:47:57.411","d1e75a28-438a-4dbd-8873-5d182e86c95e","706.04","733.75","975","1024000000","177000000"
"2026-10-03 12:47:57.412","1834c9c0-68ac-49a7-b28c-240c8b8751e6","749.59","720.45","957","1024000000","177000000"
"2026-10-03 12:47:57.414","2c12099e-5411-4165-a816-ff67412b3454","827.28","743.64","970","1024000000","176000000"
"2026-10-03 12:47:57.414","0007962e-c147-4052-b748-f5bfaad2b946","714.51","742.46","992","1024000000","177000000"
"2026-10-03 12:47:57.414","585d1f5b-990d-49b8-a70f-43c2174a2469","806.98","755.75","989","1024000000","177000000"
"2026-10-03 12:47:57.414","7f150329-65b6-4b36-9b9b-9adbd7ce8d5e","661.06","768.33","1005","1024000000","177000000"
"2026-10-03 12:47:57.415","3d501321-a843-4884-9f72-0c1064b576b1","636.28","830.92","1045","1024000000","177000000"
"2026-10-03 12:47:57.418","8dad6280-596d-4102-90dc-abb9064696cd","870.70","717.09","978","1024000000","177000000"
"2026-10-03 12:47:57.420","e0cc381f-a170-47b2-9836-56308335a315","712.56","710.84","934","1024000000","177000000"
"2026-10-03 12:47:57.421","35a00c11-4264-4b66-acab-3311b117c77c","793.91","684.47","923","1024000000","177000000"
"2026-10-03 12:47:57.423","edc11689-1bf0-4f46-a059-73fd57dcce2e","684.74","897.17","1128","1024000000","176000000"
"2026-10-03 12:47:57.424","99207dfb-7e31-4533-b03f-69e90448b80b","699.53","859.95","1094","1024000000","177000000"
"2026-10-03 12:47:57.427","ef077049-f095-4c3d-a4ae-735befa3ffb2","644.85","866.86","1096","1024000000","177000000"
"2026-10-03 12:47:57.430","b1b4a041-2892-4110-b9cc-0ce5d28e80f1","732.44","849.37","1081","1024000000","177000000"
"2026-10-03 12:47:57.432","3fc8ddd7-7fe0-463e-9463-a67a6fb93ed7","633.33","798.46","1029","1024000000","177000000"
"2026-10-03 12:49:07.873","d647d092-863b-4801-a9e8-abc737b200a2","606.44","875.45","1112","1024000000","177000000"
"2026-10-03 12:49:07.873","383220db-70af-4140-a84f-200d2cd39222","851.01","633.19","878","1024000000","177000000"
"2026-10-03 12:49:07.875","45970d4b-d3f7-4ee7-a64d-f548928faabc","742.82","825.41","1037","1024000000","177000000"
"2026-10-03 12:49:07.877","c4039239-1bb6-4392-bd42-464c990098a7","780.95","744.79","961","1024000000","177000000"
"2026-10-03 12:49:07.878","d5dbac8f-0812-44ee-b4cb-cd4c2b1d7c57","692.56","913.77","1098","1024000000","177000000"
"2026-10-03 12:49:07.878","1ea1a022-a3e2-4067-bc4d-4b6f17fad03f","501.68","959.57","1157","1024000000","177000000"
"2026-10-03 12:49:07.880","e65b2288-9517-462c-ab26-09e0f26c680d","829.83","750.43","981","1024000000","177000000"
"2026-10-03 12:49:07.881","64e6df2f-e0d6-4d4d-9644-2fc464b3feff","819.12","735.25","958","1024000000","177000000"
"2026-10-03 12:49:07.882","eb6587f9-6b6a-454a-a69f-bc3af1e246fb","821.56","759.86","972","1024000000","177000000"
"2026-10-03 12:49:07.882","b0175995-5676-4f45-9dc0-7d30659958ca","677.68","844.55","1075","1024000000","177000000"
"2026-10-03 12:49:07.883","40c9b8ad-24c3-42f5-be46-e8d3beecdedb","784.34","723.57","971","1024000000","177000000"
"2026-10-03 12:49:07.884","88b71408-c25c-4b4a-804a-603d17d9b4d0","681.40","823.21","1037","1024000000","177000000"
"2026-10-03 12:49:07.884","1d790198-052c-40b1-a4ee-f2d9bf00030a","692.37","809.7","1018","1024000000","177000000"
"2026-10-03 12:49:07.886","21db3918-e725-4e2c-bfc7-26b42d2ba8ec","690.18","868.2","1055","1024000000","177000000"
"2026-10-03 12:49:07.886","690aa4ab-d45f-43ad-9954-b47f79f6ba96","769.40","787.36","1029","1024000000","177000000"
"2026-10-03 12:49:07.886","742d030c-9d29-4c16-8307-f1382f6918c1","888.77","538.7","811","1024000000","177000000"
"2026-10-03 12:49:07.888","4754432d-0bde-4355-a500-7104a55bbf18","796.84","775.63","972","1024000000","177000000"
"2026-10-03 12:49:07.889","6e32bb5c-fca5-4738-92fe-5f8abaaca62d","881.74","618.82","847","1024000000","177000000"
"2026-10-03 12:49:07.889","6e22acfb-ccc7-415f-aae1-bc65f09babe0","741.10","755.47","995","1024000000","177000000"
"2026-10-03 12:49:07.890","83b5bc43-db70-415c-950c-6e91b498f18a","855.60","707.06","928","1024000000","177000000"
"2026-10-03 12:49:07.890","34eed968-d8b0-4f42-adec-0b1ccc03e3ca","745.21","778.83","998","1024000000","177000000"
"2026-10-03 12:49:07.892","35b79723-a3b1-4294-b41c-3c98c809d705","714.59","831.04","1062","1024000000","177000000"
"2026-10-03 12:49:07.893","f3f181a2-7d3c-4793-90e9-3846f26161b1","685.79","840.57","1052","1024000000","177000000"
"2026-10-03 12:49:07.895","2f5acc13-d239-4abd-8d8a-7d05a2b871e3","694.01","835.26","1050","1024000000","177000000"
"2026-10-03 12:49:07.906","92cb02dc-5625-416d-86f8-858141b3602f","663.01","847.04","1065","1024000000","177000000"
"2026-10-03 12:50:11.853","64cde631-e815-4941-bed5-6ca3ddabc0d2","782.28","742.96","966","1024000000","177000000"
"2026-10-03 12:50:11.861","6a0f384c-db6f-433b-9012-9864d88cdf5e","781.58","732.58","965","1024000000","176000000"
"2026-10-03 12:50:11.862","5e5c06e7-1551-4482-b25f-f3aeb0ca0c26","783.72","716.08","944","1024000000","177000000"
"2026-10-03 12:50:11.863","1a959f7f-955c-45cf-b3c8-543dbe7631c6","800.66","713.48","953","1024000000","177000000"
"2026-10-03 12:50:11.865","b2e664ec-1fdb-4f62-a850-17862d98e247","608.37","931.12","1139","1024000000","177000000"
"2026-10-03 12:50:11.867","7d68add4-2679-41ce-9436-28bbe9e77560","732.71","842.68","1069","1024000000","176000000"
"2026-10-03 12:50:11.869","97075ab2-1402-4a6f-aa09-c7a177fe48a5","694.91","818.12","1043","1024000000","176000000"
"2026-10-03 12:50:11.869","f9302606-d123-4631-a4ef-6a0892ddbfb3","593.26","948.66","1150","1024000000","177000000"
"2026-10-03 12:50:11.869","2a827899-94b7-447c-aecf-8f96363c7cde","1039.07","498.05","727","1024000000","177000000"
"2026-10-03 12:50:11.869","3c885579-d21f-4e01-9485-870d5dd93f68","781.32","763.52","989","1024000000","177000000"
"2026-10-03 12:50:11.870","3f3ab6b4-b182-447a-b680-7171eba46744","679.19","839.45","1063","1024000000","177000000"
"2026-10-03 12:50:11.874","4d601138-a734-4254-ade1-de75ed8d0d0b","616.58","917.19","1126","1024000000","177000000"
"2026-10-03 12:50:11.877","e989d3da-4995-41a5-9b3a-96216c6e5b11","797.41","764.3","996","1024000000","177000000"
"2026-10-03 12:50:11.879","717cf393-7d49-4628-9fb9-49747f1da0a0","844.61","719.02","948","1024000000","177000000"
"2026-10-03 12:50:11.881","5efd477f-f47f-4c84-b698-41ecf8e16ae6","777.07","753.57","1002","1024000000","177000000"
"2026-10-03 12:50:11.883","b96e7ec5-c6da-41d5-b80e-726dfd23c55d","808.27","708.77","987","1024000000","177000000"
"2026-10-03 12:50:11.887","67736e78-7052-4ea1-9d80-7e1d5906c088","749.44","857.18","1111","1024000000","177000000"
"2026-10-03 12:50:11.892","29bb11a6-c409-4171-b437-ceb9cfba86be","699.36","737.57","970","1024000000","177000000"
"2026-10-03 12:50:11.893","9e725226-d88f-4fd1-9621-a3e45659813b","814.13","745.7","966","1024000000","177000000"
"2026-10-03 12:50:11.893","d355e817-d48c-4778-baa5-03910015e2bf","812.93","742.78","974","1024000000","176000000"
"2026-10-03 12:50:11.895","cb866b6b-ec0e-4e5c-96c3-87092c81427b","800.63","763.53","987","1024000000","177000000"
"2026-10-03 12:50:11.895","cbb27550-a424-4b6e-8a75-0fd0ffa7923c","912.17","662.66","906","1024000000","177000000"
"2026-10-03 12:50:11.902","5265dfae-7acc-441a-a778-ec3884b86c8d","779.37","770.73","1007","1024000000","177000000"
"2026-10-03 12:50:11.910","2cab60d8-04ef-45c1-8865-89fab6743ab4","855.45","588.95","870","1024000000","177000000"
"2026-10-03 12:50:12.066","a1922a6a-98d1-4e81-8272-b329f46cbc7e","645.43","1097.09","1322","1024000000","176000000"
